Timestamp, Grid Size, Wall Count, Start, End, Success, Path Length, Noise Level
2025-04-25 02:59:53,225,35,"(14, 14)","(2, 1)",True,25,5
2025-04-25 02:59:56,225,35,"(14, 14)","(2, 1)",True,25,5
2025-04-25 03:00:01,225,35,"(14, 14)","(2, 1)",True,25,5
2025-04-25 03:00:03,225,35,"(14, 14)","(2, 1)",True,25,5
2025-04-25 03:24:54,225,59,"(14, 14)","(6, 2)",True,32,5
2025-04-25 03:24:55,225,67,"(14, 14)","(6, 2)",True,32,0
2025-04-25 03:24:56,225,74,"(14, 14)","(6, 2)",True,32,0
2025-04-25 03:24:57,225,83,"(14, 14)","(6, 2)",True,32,0
2025-04-25 03:24:58,225,89,"(14, 14)","(6, 2)",True,32,0
2025-04-25 03:24:58,225,92,"(14, 14)","(6, 2)",True,32,0
2025-04-25 03:24:59,225,96,"(14, 14)","(6, 2)",True,32,0
2025-04-25 03:25:00,225,97,"(14, 14)","(6, 2)",True,32,0
2025-04-25 03:25:00,225,97,"(14, 14)","(6, 2)",True,32,5
2025-04-25 03:25:01,225,101,"(14, 14)","(6, 2)",True,32,0
2025-04-25 03:25:01,225,101,"(14, 14)","(6, 2)",True,32,5
2025-04-25 03:25:02,225,105,"(14, 14)","(6, 2)",True,32,0
2025-04-25 03:25:02,225,105,"(14, 14)","(6, 2)",True,32,5
2025-04-25 03:25:02,225,108,"(14, 14)","(6, 2)",True,32,0
2025-04-25 03:25:03,225,108,"(14, 14)","(6, 2)",True,32,5
2025-04-25 03:25:03,225,111,"(14, 14)","(6, 2)",True,32,0
2025-04-25 03:25:03,225,111,"(14, 14)","(6, 2)",True,32,5
2025-04-25 03:25:03,225,116,"(14, 14)","(6, 2)",True,32,0
2025-04-25 03:25:04,225,116,"(14, 14)","(6, 2)",True,32,5
2025-04-25 03:25:04,225,120,"(14, 14)","(6, 2)",True,32,0
2025-04-25 03:25:04,225,120,"(14, 14)","(6, 2)",True,32,5
2025-04-25 03:25:04,225,123,"(14, 14)","(6, 2)",True,32,0
2025-04-25 03:25:05,225,123,"(14, 14)","(6, 2)",True,32,5
2025-04-25 03:25:05,225,124,"(14, 14)","(6, 2)",True,32,0
2025-04-25 03:25:05,225,124,"(14, 14)","(6, 2)",True,32,5
2025-04-25 03:25:05,225,126,"(14, 14)","(6, 2)",True,32,0
2025-04-25 03:25:05,225,126,"(14, 14)","(6, 2)",True,32,5
2025-04-25 03:25:06,225,131,"(14, 14)","(6, 2)",True,32,0
2025-04-25 03:25:06,225,131,"(14, 14)","(6, 2)",True,32,5
2025-04-25 03:25:07,225,133,"(14, 14)","(6, 2)",True,32,0
2025-04-25 03:25:07,225,133,"(14, 14)","(6, 2)",True,32,5
2025-04-25 03:25:07,225,137,"(14, 14)","(6, 2)",True,32,0
2025-04-25 03:25:07,225,137,"(14, 14)","(6, 2)",True,32,5
2025-04-25 03:25:07,225,138,"(14, 14)","(6, 2)",True,32,0
2025-04-25 03:25:08,225,140,"(14, 14)","(6, 2)",True,32,0
2025-04-25 03:25:08,225,140,"(14, 14)","(6, 2)",True,32,5
2025-04-25 03:25:08,225,142,"(14, 14)","(6, 2)",True,32,0
2025-04-25 03:25:08,225,142,"(14, 14)","(6, 2)",True,32,5
2025-04-25 03:25:08,225,145,"(14, 14)","(6, 2)",True,32,0
2025-04-25 03:25:09,225,145,"(14, 14)","(6, 2)",True,32,5
2025-04-25 03:25:09,225,149,"(14, 14)","(6, 2)",True,32,0
2025-04-25 03:25:09,225,149,"(14, 14)","(6, 2)",True,32,5
2025-04-25 03:25:09,225,152,"(14, 14)","(6, 2)",True,32,0
2025-04-25 03:25:09,225,152,"(14, 14)","(6, 2)",True,32,5
2025-04-25 03:25:10,225,154,"(14, 14)","(6, 2)",True,32,0
2025-04-25 03:25:10,225,154,"(14, 14)","(6, 2)",True,32,5
2025-04-25 03:25:10,225,156,"(14, 14)","(6, 2)",True,32,0
2025-04-25 03:25:10,225,156,"(14, 14)","(6, 2)",True,32,5
2025-04-25 03:25:10,225,160,"(14, 14)","(6, 2)",True,32,0
2025-04-25 03:25:11,225,160,"(14, 14)","(6, 2)",True,32,5
2025-04-25 03:25:11,225,162,"(14, 14)","(6, 2)",True,32,0
2025-04-25 03:25:11,225,162,"(14, 14)","(6, 2)",True,32,5
2025-04-25 03:25:11,225,163,"(14, 14)","(6, 2)",True,32,0
2025-04-25 03:25:11,225,163,"(14, 14)","(6, 2)",True,32,5
2025-04-25 03:25:12,225,166,"(14, 14)","(6, 2)",True,32,0
2025-04-25 03:25:12,225,166,"(14, 14)","(6, 2)",True,32,5
2025-04-25 03:25:12,225,166,"(14, 14)","(6, 2)",True,32,0
2025-04-25 03:25:12,225,166,"(14, 14)","(6, 2)",True,32,5
2025-04-25 03:25:12,225,167,"(14, 14)","(6, 2)",True,32,0
2025-04-25 03:25:12,225,167,"(14, 14)","(6, 2)",True,32,5
2025-04-25 03:25:13,225,168,"(14, 14)","(6, 2)",True,32,0
2025-04-25 03:25:13,225,168,"(14, 14)","(6, 2)",True,32,5
2025-04-25 03:25:13,225,170,"(14, 14)","(6, 2)",True,32,0
2025-04-25 03:25:13,225,170,"(14, 14)","(6, 2)",True,32,5
2025-04-25 03:25:13,225,172,"(14, 14)","(6, 2)",True,32,0
2025-04-25 03:25:14,225,172,"(14, 14)","(6, 2)",True,32,5
2025-04-25 03:25:14,225,172,"(14, 14)","(6, 2)",True,32,0
2025-04-25 03:25:14,225,172,"(14, 14)","(6, 2)",True,32,5
2025-04-25 03:25:14,225,173,"(14, 14)","(6, 2)",True,32,0
2025-04-25 03:25:14,225,173,"(14, 14)","(6, 2)",True,32,5
2025-04-25 03:25:14,225,173,"(14, 14)","(6, 2)",True,32,0
2025-04-25 03:25:15,225,173,"(14, 14)","(6, 2)",True,32,5
2025-04-25 03:25:15,225,174,"(14, 14)","(6, 2)",True,32,0
2025-04-25 03:25:15,225,174,"(14, 14)","(6, 2)",True,32,5
2025-04-25 03:25:15,225,175,"(14, 14)","(6, 2)",True,32,0
2025-04-25 03:25:15,225,175,"(14, 14)","(6, 2)",True,32,5
2025-04-25 03:25:15,225,177,"(14, 14)","(6, 2)",True,32,0
2025-04-25 03:25:16,225,177,"(14, 14)","(6, 2)",True,32,5
2025-04-25 03:25:16,225,177,"(14, 14)","(6, 2)",True,32,0
2025-04-25 03:25:16,225,177,"(14, 14)","(6, 2)",True,32,5
2025-04-25 03:25:16,225,178,"(14, 14)","(6, 2)",True,32,0
2025-04-25 03:25:16,225,178,"(14, 14)","(6, 2)",True,32,5
2025-04-25 03:25:16,225,179,"(14, 14)","(6, 2)",True,32,0
2025-04-25 03:25:17,225,179,"(14, 14)","(6, 2)",True,32,5
2025-04-25 03:25:17,225,182,"(14, 14)","(6, 2)",True,32,0
2025-04-25 03:25:17,225,182,"(14, 14)","(6, 2)",True,32,5
2025-04-25 03:25:17,225,184,"(14, 14)","(6, 2)",True,32,0
2025-04-25 03:25:17,225,184,"(14, 14)","(6, 2)",True,32,5
2025-04-25 03:25:18,225,184,"(14, 14)","(6, 2)",True,32,0
2025-04-25 03:25:18,225,184,"(14, 14)","(6, 2)",True,32,5
2025-04-25 03:25:18,225,184,"(14, 14)","(6, 2)",True,32,0
2025-04-25 03:25:18,225,184,"(14, 14)","(6, 2)",True,32,5
2025-04-25 03:25:18,225,186,"(14, 14)","(6, 2)",True,32,0
2025-04-25 03:25:18,225,186,"(14, 14)","(6, 2)",True,32,5
2025-04-25 03:25:18,225,186,"(14, 14)","(6, 2)",True,32,0
2025-04-25 03:25:19,225,186,"(14, 14)","(6, 2)",True,32,5
2025-04-25 03:25:19,225,186,"(14, 14)","(6, 2)",True,32,0
2025-04-25 03:25:19,225,186,"(14, 14)","(6, 2)",True,32,5
2025-04-25 03:25:19,225,187,"(14, 14)","(6, 2)",True,32,0
2025-04-25 03:25:19,225,187,"(14, 14)","(6, 2)",True,32,0
2025-04-25 03:25:19,225,187,"(14, 14)","(6, 2)",True,32,5
2025-04-25 03:25:20,225,188,"(14, 14)","(6, 2)",True,32,0
2025-04-25 03:25:20,225,188,"(14, 14)","(6, 2)",True,32,5
2025-04-25 03:25:20,225,188,"(14, 14)","(6, 2)",True,32,0
2025-04-25 03:25:20,225,189,"(14, 14)","(6, 2)",True,32,0
2025-04-25 03:25:20,225,189,"(14, 14)","(6, 2)",True,32,5
2025-04-25 03:25:20,225,189,"(14, 14)","(6, 2)",True,32,0
2025-04-25 03:25:21,225,189,"(14, 14)","(6, 2)",True,32,0
2025-04-25 03:25:21,225,189,"(14, 14)","(6, 2)",True,32,5
2025-04-25 03:25:21,225,189,"(14, 14)","(6, 2)",True,32,0
2025-04-25 03:25:21,225,189,"(14, 14)","(6, 2)",True,32,0
2025-04-25 03:25:21,225,189,"(14, 14)","(6, 2)",True,32,5
2025-04-25 03:25:21,225,189,"(14, 14)","(6, 2)",True,32,0
2025-04-25 03:25:22,225,189,"(14, 14)","(6, 2)",True,32,0
2025-04-25 03:25:22,225,189,"(14, 14)","(6, 2)",True,32,5
2025-04-25 03:25:22,225,189,"(14, 14)","(6, 2)",True,32,0
2025-04-25 03:25:22,225,189,"(14, 14)","(6, 2)",True,32,0
2025-04-25 03:25:22,225,189,"(14, 14)","(6, 2)",True,32,5
2025-04-25 03:25:22,225,189,"(14, 14)","(6, 2)",True,32,0
2025-04-25 03:25:22,225,190,"(14, 14)","(6, 2)",True,32,0
2025-04-25 03:25:23,225,190,"(14, 14)","(6, 2)",True,32,0
2025-04-25 03:25:23,225,190,"(14, 14)","(6, 2)",True,32,0
2025-04-25 03:25:23,225,190,"(14, 14)","(6, 2)",True,32,0
2025-04-25 03:25:23,225,190,"(14, 14)","(6, 2)",True,32,0
2025-04-25 03:25:24,225,190,"(14, 14)","(6, 2)",True,32,0
2025-04-25 03:25:24,225,190,"(14, 14)","(6, 2)",True,32,0
2025-04-25 03:25:24,225,190,"(14, 14)","(6, 2)",True,32,0
2025-04-25 03:25:24,225,190,"(14, 14)","(6, 2)",True,32,5
2025-04-25 03:25:24,225,190,"(14, 14)","(6, 2)",True,32,0
2025-04-25 03:25:24,225,190,"(14, 14)","(6, 2)",True,32,5
2025-04-25 03:25:25,225,190,"(14, 14)","(6, 2)",True,32,0
2025-04-25 03:25:25,225,190,"(14, 14)","(6, 2)",True,32,0
2025-04-25 03:25:25,225,190,"(14, 14)","(6, 2)",True,32,5
2025-04-25 03:25:25,225,190,"(14, 14)","(6, 2)",True,32,0
2025-04-25 03:25:25,225,190,"(14, 14)","(6, 2)",True,32,0
2025-04-25 03:25:25,225,190,"(14, 14)","(6, 2)",True,32,5
2025-04-25 03:25:26,225,190,"(14, 14)","(6, 2)",True,32,0
2025-04-25 03:25:26,225,190,"(14, 14)","(6, 2)",True,32,0
2025-04-25 03:25:26,225,190,"(14, 14)","(6, 2)",True,32,5
2025-04-25 03:25:26,225,190,"(14, 14)","(6, 2)",True,32,0
2025-04-25 03:25:26,225,190,"(14, 14)","(6, 2)",True,32,0
2025-04-25 03:25:26,225,190,"(14, 14)","(6, 2)",True,32,5
2025-04-25 03:25:27,225,190,"(14, 14)","(6, 2)",True,32,0
2025-04-25 03:25:27,225,190,"(14, 14)","(6, 2)",True,32,0
2025-04-25 03:25:27,225,190,"(14, 14)","(6, 2)",True,32,5
2025-04-25 03:25:27,225,190,"(14, 14)","(6, 2)",True,32,0
2025-04-25 03:25:28,225,190,"(14, 14)","(6, 2)",True,32,5
2025-04-25 03:25:28,225,190,"(14, 14)","(6, 2)",True,32,0
2025-04-25 03:25:29,225,190,"(14, 14)","(6, 2)",True,32,0
2025-04-25 03:25:29,225,190,"(14, 14)","(6, 2)",True,32,0
2025-04-25 03:25:29,225,190,"(14, 14)","(6, 2)",True,32,0
2025-04-25 03:25:30,225,190,"(14, 14)","(6, 2)",True,32,0
2025-04-25 03:25:30,225,190,"(14, 14)","(6, 2)",True,32,5
2025-04-25 03:25:30,225,190,"(14, 14)","(6, 2)",True,32,0
2025-04-25 03:25:30,225,190,"(14, 14)","(6, 2)",True,32,5
2025-04-25 03:25:30,225,190,"(14, 14)","(6, 2)",True,32,0
2025-04-25 03:25:31,225,190,"(14, 14)","(6, 2)",True,32,5
2025-04-25 03:25:31,225,191,"(14, 14)","(6, 2)",True,32,0
2025-04-25 03:25:31,225,191,"(14, 14)","(6, 2)",True,32,5
2025-04-25 03:25:31,225,191,"(14, 14)","(6, 2)",True,32,0
2025-04-25 03:25:31,225,191,"(14, 14)","(6, 2)",True,32,5
2025-04-25 03:25:31,225,191,"(14, 14)","(6, 2)",True,32,0
2025-04-25 03:25:31,225,191,"(14, 14)","(6, 2)",True,32,5
2025-04-25 03:25:31,225,191,"(14, 14)","(6, 2)",True,32,0
2025-04-25 03:25:31,225,191,"(14, 14)","(6, 2)",True,32,5
2025-04-25 03:25:32,225,191,"(14, 14)","(6, 2)",True,32,0
2025-04-25 03:25:32,225,191,"(14, 14)","(6, 2)",True,32,5
2025-04-25 03:25:32,225,191,"(14, 14)","(6, 2)",True,32,0
2025-04-25 03:25:32,225,191,"(14, 14)","(6, 2)",True,32,5
2025-04-25 03:25:32,225,191,"(14, 14)","(6, 2)",True,32,5
2025-04-25 03:25:32,225,191,"(14, 14)","(6, 2)",True,32,0
2025-04-25 03:25:35,225,192,"(14, 14)","(6, 2)",False,0,5
2025-04-25 03:29:54,225,50,"(14, 13)","(2, 2)",True,25,5
2025-04-25 03:29:56,225,58,"(14, 13)","(2, 2)",True,23,0
2025-04-25 03:29:56,225,58,"(14, 13)","(2, 2)",True,25,5
2025-04-25 03:29:57,225,67,"(14, 13)","(2, 2)",True,23,0
2025-04-25 03:29:58,225,71,"(14, 13)","(2, 2)",True,23,0
2025-04-25 03:29:58,225,78,"(14, 13)","(2, 2)",True,23,0
2025-04-25 03:29:59,225,81,"(14, 13)","(2, 2)",True,23,0
2025-04-25 03:30:00,225,84,"(14, 13)","(2, 2)",True,23,0
2025-04-25 03:30:00,225,89,"(14, 13)","(2, 2)",True,23,0
2025-04-25 03:30:01,225,92,"(14, 13)","(2, 2)",True,23,0
2025-04-25 03:30:02,225,97,"(14, 13)","(2, 2)",True,23,0
2025-04-25 03:30:02,225,97,"(14, 13)","(2, 2)",True,23,5
2025-04-25 03:30:03,225,100,"(14, 13)","(2, 2)",True,23,0
2025-04-25 03:30:05,225,105,"(14, 13)","(2, 2)",True,23,0
2025-04-25 03:30:06,225,108,"(14, 13)","(2, 2)",True,23,0
2025-04-25 03:30:06,225,111,"(14, 13)","(2, 2)",True,23,0
2025-04-25 03:30:07,225,116,"(14, 13)","(2, 2)",True,23,0
2025-04-25 03:30:12,225,116,"(14, 13)","(0, 0)",True,27,5
2025-04-25 03:30:12,225,118,"(14, 13)","(0, 0)",True,27,0
2025-04-25 03:30:13,225,118,"(14, 13)","(0, 0)",True,27,5
2025-04-25 03:30:13,225,123,"(14, 13)","(0, 0)",True,27,0
2025-04-25 03:30:14,225,123,"(14, 13)","(0, 0)",True,27,0
2025-04-25 03:30:15,225,125,"(14, 13)","(0, 0)",True,27,0
2025-04-25 03:30:21,225,126,"(14, 13)","(0, 0)",False,0,5
2025-04-25 03:30:25,225,125,"(14, 13)","(0, 0)",True,29,5
2025-04-25 03:30:26,225,129,"(14, 13)","(0, 0)",True,29,0
2025-04-25 03:30:27,225,132,"(14, 13)","(0, 0)",True,29,0
2025-04-25 03:30:28,225,135,"(14, 13)","(0, 0)",True,29,0
2025-04-25 03:30:29,225,137,"(14, 13)","(0, 0)",True,29,0
2025-04-25 03:30:29,225,138,"(14, 13)","(0, 0)",True,29,0
2025-04-25 03:30:30,225,142,"(14, 13)","(0, 0)",True,29,0
2025-04-25 03:30:31,225,147,"(14, 13)","(0, 0)",True,29,0
2025-04-25 03:30:31,225,148,"(14, 13)","(0, 0)",True,29,0
2025-04-25 03:30:32,225,151,"(14, 13)","(0, 0)",True,29,0
2025-04-25 03:30:32,225,154,"(14, 13)","(0, 0)",True,29,0
2025-04-25 03:30:33,225,156,"(14, 13)","(0, 0)",True,29,0
2025-04-25 03:30:33,225,159,"(14, 13)","(0, 0)",True,29,0
2025-04-25 03:30:34,225,160,"(14, 13)","(0, 0)",True,29,0
2025-04-25 03:30:35,225,160,"(14, 13)","(0, 0)",True,29,5
2025-04-25 03:30:35,225,162,"(14, 13)","(0, 0)",True,29,0
2025-04-25 03:30:36,225,163,"(14, 13)","(0, 0)",True,29,0
2025-04-25 03:30:36,225,164,"(14, 13)","(0, 0)",True,29,0
2025-04-25 03:30:37,225,166,"(14, 13)","(0, 0)",True,29,0
2025-04-25 03:30:37,225,166,"(14, 13)","(0, 0)",True,29,0
2025-04-25 03:30:37,225,168,"(14, 13)","(0, 0)",True,29,0
2025-04-25 03:30:38,225,169,"(14, 13)","(0, 0)",True,29,0
2025-04-25 03:30:38,225,171,"(14, 13)","(0, 0)",True,29,0
2025-04-25 03:30:38,225,173,"(14, 13)","(0, 0)",True,29,0
2025-04-25 03:30:39,225,173,"(14, 13)","(0, 0)",True,29,0
2025-04-25 03:30:39,225,175,"(14, 13)","(0, 0)",True,29,0
2025-04-25 03:30:39,225,175,"(14, 13)","(0, 0)",True,29,0
2025-04-25 03:30:39,225,176,"(14, 13)","(0, 0)",True,29,0
2025-04-25 03:30:39,225,177,"(14, 13)","(0, 0)",True,29,0
2025-04-25 03:30:40,225,178,"(14, 13)","(0, 0)",True,29,0
2025-04-25 03:30:40,225,178,"(14, 13)","(0, 0)",True,29,0
2025-04-25 03:30:40,225,178,"(14, 13)","(0, 0)",True,29,0
2025-04-25 03:30:41,225,178,"(14, 13)","(0, 0)",True,29,0
2025-04-25 03:30:41,225,179,"(14, 13)","(0, 0)",True,29,0
2025-04-25 03:30:41,225,179,"(14, 13)","(0, 0)",True,29,0
2025-04-25 03:30:42,225,181,"(14, 13)","(0, 0)",True,29,0
2025-04-25 03:30:42,225,181,"(14, 13)","(0, 0)",True,29,0
2025-04-25 03:30:43,225,181,"(14, 13)","(0, 0)",True,29,0
2025-04-25 03:30:43,225,182,"(14, 13)","(0, 0)",True,29,0
2025-04-25 03:30:43,225,182,"(14, 13)","(0, 0)",True,29,0
2025-04-25 03:30:44,225,182,"(14, 13)","(0, 0)",True,29,0
2025-04-25 03:30:44,225,184,"(14, 13)","(0, 0)",True,29,0
2025-04-25 03:30:45,225,184,"(14, 13)","(0, 0)",True,29,0
2025-04-25 03:30:45,225,185,"(14, 13)","(0, 0)",True,29,0
2025-04-25 03:30:45,225,186,"(14, 13)","(0, 0)",True,29,0
2025-04-25 03:30:46,225,187,"(14, 13)","(0, 0)",True,29,0
2025-04-25 03:30:46,225,187,"(14, 13)","(0, 0)",True,29,0
2025-04-25 03:30:46,225,188,"(14, 13)","(0, 0)",True,29,0
2025-04-25 03:30:47,225,188,"(14, 13)","(0, 0)",True,29,0
2025-04-25 03:30:47,225,188,"(14, 13)","(0, 0)",True,29,0
2025-04-25 03:30:47,225,188,"(14, 13)","(0, 0)",True,29,0
2025-04-25 03:30:48,225,188,"(14, 13)","(0, 0)",True,29,0
2025-04-25 03:30:48,225,188,"(14, 13)","(0, 0)",True,29,0
2025-04-25 03:30:48,225,188,"(14, 13)","(0, 0)",True,29,0
2025-04-25 03:30:48,225,188,"(14, 13)","(0, 0)",True,29,0
2025-04-25 03:30:49,225,189,"(14, 13)","(0, 0)",True,29,0
2025-04-25 03:30:49,225,189,"(14, 13)","(0, 0)",True,29,0
2025-04-25 03:30:49,225,189,"(14, 13)","(0, 0)",True,29,0
2025-04-25 03:30:49,225,189,"(14, 13)","(0, 0)",True,29,0
2025-04-25 03:30:50,225,189,"(14, 13)","(0, 0)",True,29,0
2025-04-25 03:30:50,225,189,"(14, 13)","(0, 0)",True,29,0
2025-04-25 03:30:50,225,189,"(14, 13)","(0, 0)",True,29,0
2025-04-25 03:30:50,225,189,"(14, 13)","(0, 0)",True,29,0
2025-04-25 03:30:51,225,189,"(14, 13)","(0, 0)",True,29,0
2025-04-25 03:30:51,225,189,"(14, 13)","(0, 0)",True,29,0
2025-04-25 03:30:51,225,189,"(14, 13)","(0, 0)",True,29,0
2025-04-25 03:30:51,225,189,"(14, 13)","(0, 0)",True,29,0
2025-04-25 03:30:52,225,189,"(14, 13)","(0, 0)",True,29,0
2025-04-25 03:30:52,225,189,"(14, 13)","(0, 0)",True,29,0
2025-04-25 03:30:52,225,189,"(14, 13)","(0, 0)",True,29,0
2025-04-25 03:30:52,225,190,"(14, 13)","(0, 0)",True,29,0
2025-04-25 03:30:53,225,190,"(14, 13)","(0, 0)",True,29,0
2025-04-25 03:30:53,225,191,"(14, 13)","(0, 0)",True,29,0
2025-04-25 03:30:53,225,191,"(14, 13)","(0, 0)",True,29,0
2025-04-25 03:30:53,225,191,"(14, 13)","(0, 0)",True,29,0
2025-04-25 03:30:54,225,191,"(14, 13)","(0, 0)",True,29,0
2025-04-25 03:30:54,225,191,"(14, 13)","(0, 0)",True,29,0
2025-04-25 03:30:54,225,191,"(14, 13)","(0, 0)",True,29,0
2025-04-25 03:30:54,225,191,"(14, 13)","(0, 0)",True,29,0
2025-04-25 03:30:54,225,191,"(14, 13)","(0, 0)",True,29,0
2025-04-25 03:30:55,225,192,"(14, 13)","(0, 0)",True,29,0
2025-04-25 03:30:55,225,192,"(14, 13)","(0, 0)",True,29,0
2025-04-25 03:30:55,225,192,"(14, 13)","(0, 0)",True,29,0
2025-04-25 03:30:55,225,192,"(14, 13)","(0, 0)",True,29,0
2025-04-25 03:30:56,225,192,"(14, 13)","(0, 0)",True,29,0
2025-04-25 03:30:56,225,192,"(14, 13)","(0, 0)",True,29,0
2025-04-25 03:30:56,225,192,"(14, 13)","(0, 0)",True,29,0
2025-04-25 03:30:56,225,192,"(14, 13)","(0, 0)",True,29,0
2025-04-25 03:30:57,225,192,"(14, 13)","(0, 0)",True,29,0
2025-04-25 03:30:57,225,192,"(14, 13)","(0, 0)",True,29,0
2025-04-25 03:30:57,225,192,"(14, 13)","(0, 0)",True,29,0
2025-04-25 03:30:57,225,193,"(14, 13)","(0, 0)",True,29,0
2025-04-25 03:30:57,225,193,"(14, 13)","(0, 0)",True,29,0
2025-04-25 03:30:59,225,194,"(14, 13)","(0, 0)",True,29,0
2025-04-25 03:31:00,225,194,"(14, 13)","(0, 0)",True,29,0
2025-04-25 03:31:00,225,194,"(14, 13)","(0, 0)",True,29,0
2025-04-25 03:31:00,225,194,"(14, 13)","(0, 0)",True,29,0
2025-04-25 03:31:00,225,194,"(14, 13)","(0, 0)",True,29,0
2025-04-25 03:31:00,225,194,"(14, 13)","(0, 0)",True,29,0
2025-04-25 03:31:00,225,194,"(14, 13)","(0, 0)",True,29,0
2025-04-25 03:31:01,225,194,"(14, 13)","(0, 0)",True,29,0
2025-04-25 03:31:01,225,194,"(14, 13)","(0, 0)",True,29,0
2025-04-25 03:31:01,225,194,"(14, 13)","(0, 0)",True,29,0
2025-04-25 03:31:01,225,194,"(14, 13)","(0, 0)",True,29,0
2025-04-25 03:31:01,225,194,"(14, 13)","(0, 0)",True,29,0
2025-04-25 03:31:01,225,194,"(14, 13)","(0, 0)",True,29,0
2025-04-25 03:31:02,225,194,"(14, 13)","(0, 0)",True,29,0
2025-04-25 03:31:02,225,194,"(14, 13)","(0, 0)",True,29,0
2025-04-25 03:31:02,225,194,"(14, 13)","(0, 0)",True,29,0
2025-04-25 03:31:02,225,194,"(14, 13)","(0, 0)",True,29,0
2025-04-25 03:31:02,225,194,"(14, 13)","(0, 0)",True,29,0
2025-04-25 03:31:02,225,194,"(14, 13)","(0, 0)",True,29,0
2025-04-25 03:31:03,225,194,"(14, 13)","(0, 0)",True,29,0
2025-04-25 03:31:03,225,194,"(14, 13)","(0, 0)",True,29,0
2025-04-25 03:31:03,225,194,"(14, 13)","(0, 0)",True,29,0
2025-04-25 03:31:03,225,194,"(14, 13)","(0, 0)",True,29,0
2025-04-25 03:31:03,225,195,"(14, 13)","(0, 0)",True,29,0
2025-04-25 03:31:03,225,195,"(14, 13)","(0, 0)",True,29,0
2025-04-25 03:31:03,225,195,"(14, 13)","(0, 0)",True,29,0
2025-04-25 03:31:04,225,195,"(14, 13)","(0, 0)",True,29,0
2025-04-25 03:31:04,225,195,"(14, 13)","(0, 0)",True,29,0
2025-04-25 03:31:04,225,195,"(14, 13)","(0, 0)",True,29,0
2025-04-25 03:31:04,225,195,"(14, 13)","(0, 0)",True,29,0
2025-04-25 03:31:04,225,195,"(14, 13)","(0, 0)",True,29,0
2025-04-25 03:31:04,225,195,"(14, 13)","(0, 0)",True,29,0
2025-04-25 03:31:05,225,195,"(14, 13)","(0, 0)",True,29,0
2025-04-25 03:31:05,225,195,"(14, 13)","(0, 0)",True,29,0
2025-04-25 03:31:05,225,195,"(14, 13)","(0, 0)",True,29,0
2025-04-25 03:31:05,225,195,"(14, 13)","(0, 0)",True,29,0
2025-04-25 03:31:05,225,195,"(14, 13)","(0, 0)",True,29,0
2025-04-25 03:31:05,225,195,"(14, 13)","(0, 0)",True,29,0
2025-04-25 03:31:05,225,195,"(14, 13)","(0, 0)",True,29,0
2025-04-25 03:31:06,225,195,"(14, 13)","(0, 0)",True,29,0
2025-04-25 03:31:06,225,195,"(14, 13)","(0, 0)",True,29,0
2025-04-25 03:31:06,225,195,"(14, 13)","(0, 0)",True,29,0
2025-04-25 03:31:06,225,195,"(14, 13)","(0, 0)",True,29,0
2025-04-25 03:31:06,225,195,"(14, 13)","(0, 0)",True,29,0
2025-04-25 03:31:06,225,195,"(14, 13)","(0, 0)",True,29,0
2025-04-25 03:31:07,225,195,"(14, 13)","(0, 0)",True,29,0
2025-04-25 03:31:07,225,195,"(14, 13)","(0, 0)",True,29,0
2025-04-25 03:31:07,225,195,"(14, 13)","(0, 0)",True,29,0
2025-04-25 03:31:07,225,195,"(14, 13)","(0, 0)",True,29,0
2025-04-25 03:31:07,225,195,"(14, 13)","(0, 0)",True,29,0
2025-04-25 03:31:07,225,195,"(14, 13)","(0, 0)",True,29,0
2025-04-25 03:31:08,225,195,"(14, 13)","(0, 0)",True,29,0
2025-04-25 03:31:08,225,195,"(14, 13)","(0, 0)",True,29,0
2025-04-25 03:31:08,225,195,"(14, 13)","(0, 0)",True,29,0
2025-04-25 03:31:08,225,195,"(14, 13)","(0, 0)",True,29,0
2025-04-25 03:31:08,225,195,"(14, 13)","(0, 0)",True,29,0
2025-04-25 03:31:08,225,195,"(14, 13)","(0, 0)",True,29,0
2025-04-25 03:31:09,225,195,"(14, 13)","(0, 0)",True,29,0
2025-04-25 03:31:09,225,195,"(14, 13)","(0, 0)",True,29,0
2025-04-25 03:31:09,225,195,"(14, 13)","(0, 0)",True,29,0
2025-04-25 03:31:09,225,195,"(14, 13)","(0, 0)",True,29,0
2025-04-25 03:31:09,225,195,"(14, 13)","(0, 0)",True,29,0
2025-04-25 03:31:09,225,195,"(14, 13)","(0, 0)",True,29,0
2025-04-25 03:31:10,225,195,"(14, 13)","(0, 0)",True,29,0
2025-04-25 03:31:10,225,195,"(14, 13)","(0, 0)",True,29,0
2025-04-25 03:31:10,225,195,"(14, 13)","(0, 0)",True,29,0
2025-04-25 03:31:10,225,195,"(14, 13)","(0, 0)",True,29,0
2025-04-25 03:31:10,225,195,"(14, 13)","(0, 0)",True,29,0
2025-04-25 03:31:10,225,195,"(14, 13)","(0, 0)",True,29,0
2025-04-25 03:31:11,225,195,"(14, 13)","(0, 0)",True,29,0
2025-04-25 03:31:11,225,195,"(14, 13)","(0, 0)",True,29,0
2025-04-25 03:31:11,225,195,"(14, 13)","(0, 0)",True,29,0
2025-04-25 03:31:11,225,195,"(14, 13)","(0, 0)",True,29,0
2025-04-25 03:31:11,225,195,"(14, 13)","(0, 0)",True,29,0
2025-04-25 03:31:11,225,195,"(14, 13)","(0, 0)",True,29,0
2025-04-25 03:31:12,225,195,"(14, 13)","(0, 0)",True,29,0
2025-04-25 03:31:12,225,195,"(14, 13)","(0, 0)",True,29,0
2025-04-25 03:31:12,225,195,"(14, 13)","(0, 0)",True,29,0
2025-04-25 03:31:12,225,195,"(14, 13)","(0, 0)",True,29,0
2025-04-25 03:31:12,225,195,"(14, 13)","(0, 0)",True,29,0
2025-04-25 03:31:12,225,195,"(14, 13)","(0, 0)",True,29,0
2025-04-25 03:31:13,225,195,"(14, 13)","(0, 0)",True,29,0
2025-04-25 03:31:13,225,195,"(14, 13)","(0, 0)",True,29,0
2025-04-25 03:31:13,225,195,"(14, 13)","(0, 0)",True,29,0
2025-04-25 03:31:13,225,195,"(14, 13)","(0, 0)",True,29,0
2025-04-25 03:31:13,225,195,"(14, 13)","(0, 0)",True,29,0
2025-04-25 03:31:14,225,195,"(14, 13)","(0, 0)",True,29,0
2025-04-25 03:31:14,225,195,"(14, 13)","(0, 0)",True,29,0
2025-04-25 03:31:14,225,195,"(14, 13)","(0, 0)",True,29,0
2025-04-25 03:31:14,225,195,"(14, 13)","(0, 0)",True,29,0
2025-04-25 03:31:14,225,195,"(14, 13)","(0, 0)",True,29,0
2025-04-25 03:31:15,225,195,"(14, 13)","(0, 0)",True,29,0
2025-04-25 03:31:15,225,195,"(14, 13)","(0, 0)",True,29,0
2025-04-25 03:31:15,225,195,"(14, 13)","(0, 0)",True,29,0
2025-04-25 03:31:15,225,195,"(14, 13)","(0, 0)",True,29,0
2025-04-25 03:31:15,225,195,"(14, 13)","(0, 0)",True,29,0
2025-04-25 03:31:15,225,195,"(14, 13)","(0, 0)",True,29,0
2025-04-25 03:31:16,225,195,"(14, 13)","(0, 0)",True,29,0
2025-04-25 03:31:16,225,195,"(14, 13)","(0, 0)",True,29,0
2025-04-25 03:31:16,225,195,"(14, 13)","(0, 0)",True,29,0
2025-04-25 03:31:16,225,195,"(14, 13)","(0, 0)",True,29,0
2025-04-25 03:31:16,225,195,"(14, 13)","(0, 0)",True,29,0
2025-04-25 03:31:16,225,195,"(14, 13)","(0, 0)",True,29,0
2025-04-25 03:31:17,225,195,"(14, 13)","(0, 0)",True,29,0
2025-04-25 03:31:17,225,195,"(14, 13)","(0, 0)",True,29,0
2025-04-25 03:31:17,225,195,"(14, 13)","(0, 0)",True,29,0
2025-04-25 03:31:17,225,195,"(14, 13)","(0, 0)",True,29,0
2025-04-25 03:31:17,225,195,"(14, 13)","(0, 0)",True,29,0
2025-04-25 03:31:24,225,195,"(14, 13)","(0, 0)",True,29,0
2025-04-25 03:31:24,225,195,"(14, 13)","(0, 0)",True,29,0
2025-04-25 03:31:24,225,195,"(14, 13)","(0, 0)",True,29,0
2025-04-25 03:31:24,225,195,"(14, 13)","(0, 0)",True,29,0
2025-04-25 03:31:24,225,195,"(14, 13)","(0, 0)",True,29,0
2025-04-25 03:31:24,225,195,"(14, 13)","(0, 0)",True,29,0
2025-04-25 03:31:25,225,195,"(14, 13)","(0, 0)",True,29,0
2025-04-25 03:31:25,225,195,"(14, 13)","(0, 0)",True,29,0
2025-04-25 03:31:25,225,195,"(14, 13)","(0, 0)",True,29,0
2025-04-25 03:31:25,225,195,"(14, 13)","(0, 0)",True,29,0
2025-04-25 03:31:25,225,195,"(14, 13)","(0, 0)",True,29,0
2025-04-25 03:31:25,225,195,"(14, 13)","(0, 0)",True,29,0
2025-04-25 03:31:26,225,195,"(14, 13)","(0, 0)",True,29,0
2025-04-25 03:31:26,225,195,"(14, 13)","(0, 0)",True,29,0
2025-04-25 03:31:26,225,195,"(14, 13)","(0, 0)",True,29,0
2025-04-25 03:31:26,225,195,"(14, 13)","(0, 0)",True,29,0
2025-04-25 03:31:26,225,195,"(14, 13)","(0, 0)",True,29,0
2025-04-25 03:31:26,225,195,"(14, 13)","(0, 0)",True,29,0
2025-04-25 03:31:27,225,195,"(14, 13)","(0, 0)",True,29,0
2025-04-25 03:31:27,225,195,"(14, 13)","(0, 0)",True,29,0
2025-04-25 03:31:27,225,195,"(14, 13)","(0, 0)",True,29,0
2025-04-25 03:31:27,225,195,"(14, 13)","(0, 0)",True,29,0
2025-04-25 03:31:27,225,195,"(14, 13)","(0, 0)",True,29,0
2025-04-25 03:31:27,225,195,"(14, 13)","(0, 0)",True,29,0
2025-04-25 03:31:28,225,195,"(14, 13)","(0, 0)",True,29,0
2025-04-25 03:31:28,225,195,"(14, 13)","(0, 0)",True,29,0
2025-04-25 03:31:28,225,195,"(14, 13)","(0, 0)",True,29,0
2025-04-25 03:36:14,225,65,"(0, 0)","(14, 14)",True,28,5
2025-04-25 03:36:15,225,65,"(0, 0)","(14, 14)",True,28,5
2025-04-25 03:36:17,225,65,"(0, 0)","(14, 14)",True,28,5
2025-04-25 03:36:18,225,65,"(0, 0)","(14, 14)",True,28,5
2025-04-25 03:36:19,225,65,"(0, 0)","(14, 14)",True,28,5
2025-04-25 03:36:20,225,65,"(0, 0)","(14, 14)",True,28,5
2025-04-25 03:36:21,225,65,"(0, 0)","(14, 14)",True,28,5
2025-04-25 03:36:22,225,72,"(0, 0)","(14, 14)",True,28,0
2025-04-25 03:36:23,225,78,"(0, 0)","(14, 14)",True,28,0
2025-04-25 03:36:24,225,83,"(0, 0)","(14, 14)",False,0,0
2025-04-25 05:32:10,225,69,"(14, 14)","(0, 1)",True,27,5
2025-04-25 05:32:13,225,69,"(14, 14)","(11, 0)",True,27,5
2025-04-25 05:32:15,225,69,"(14, 14)","(13, 2)",True,27,5
2025-04-25 05:32:18,225,69,"(14, 14)","(13, 5)",True,30,5
2025-04-25 05:32:20,225,69,"(14, 14)","(8, 6)",False,0,5
2025-04-25 05:32:23,225,69,"(14, 14)","(1, 2)",True,25,5
2025-04-25 18:02:59,225,75,"(1, 0)","(14, 13)",False,0,5
2025-04-25 18:03:08,225,75,"(1, 0)","(7, 13)",False,0,5
2025-04-25 18:03:09,225,75,"(1, 0)","(1, 14)",True,18,5
2025-04-25 18:05:01,225,71,"(14, 14)","(2, 1)",True,25,5
2025-04-25 18:05:06,225,71,"(14, 14)","(9, 2)",True,23,5
2025-04-25 18:05:10,225,71,"(14, 14)","(4, 13)",True,23,5
2025-04-25 18:05:13,225,71,"(14, 14)","(14, 0)",False,0,5
2025-04-25 18:05:15,225,71,"(14, 14)","(12, 0)",True,28,5
2025-04-25 18:05:31,225,71,"(14, 14)","(6, 0)",True,22,5
2025-04-25 18:18:37,225,69,"(14, 14)","(1, 0)",True,29,5
2025-04-25 18:18:43,225,69,"(14, 14)","(12, 0)",True,32,5
2025-04-25 18:18:47,225,69,"(14, 14)","(0, 13)",True,31,5
2025-04-25 18:24:47,225,69,"(14, 14)","(6, 2)",True,24,5
2025-04-25 18:25:17,225,73,"(3, 0)","(9, 11)",True,17,5
2025-04-25 18:25:21,225,79,"(3, 0)","(9, 11)",True,19,5
2025-04-25 18:25:23,225,87,"(3, 0)","(9, 11)",True,17,5
2025-04-25 18:25:26,225,91,"(3, 0)","(0, 13)",True,16,5
2025-04-25 18:39:03,225,74,"(2, 0)","(11, 11)",True,20,5
2025-04-25 18:39:09,225,74,"(2, 0)","(11, 11)",True,20,5
2025-04-25 18:39:11,225,74,"(2, 0)","(11, 11)",True,20,5
2025-04-25 18:39:17,225,74,"(2, 0)","(11, 11)",True,20,5
2025-04-25 18:39:19,225,74,"(2, 0)","(13, 4)",True,19,5
2025-04-25 18:39:22,225,74,"(2, 0)","(8, 0)",True,10,5
2025-04-25 18:52:02,225,68,"(2, 0)","(14, 12)",True,26,5
2025-04-25 18:52:10,225,68,"(2, 0)","(14, 12)",True,26,5
2025-04-25 18:52:12,225,68,"(2, 0)","(14, 12)",True,24,5
2025-04-25 18:52:14,225,68,"(2, 0)","(14, 0)",True,18,5
2025-04-25 18:52:59,225,69,"(4, 0)","(13, 14)",True,23,5
2025-04-25 18:53:02,225,69,"(4, 0)","(2, 14)",True,20,5
2025-04-25 18:57:49,225,71,"(6, 0)","(3, 7)",True,12,5
2025-04-25 18:57:51,225,71,"(6, 0)","(1, 9)",True,14,5
2025-04-25 18:57:54,225,71,"(6, 0)","(0, 0)",True,10,5
2025-04-25 18:59:07,225,75,"(8, 0)","(12, 12)",True,24,5
2025-04-25 18:59:07,225,75,"(8, 0)","(12, 12)",True,24,5
2025-04-25 18:59:10,225,75,"(8, 0)","(7, 10)",False,0,5
2025-04-25 19:01:07,225,64,"(6, 0)","(7, 14)",True,19,5
2025-04-25 19:01:07,225,64,"(6, 0)","(7, 14)",True,19,5
2025-04-25 19:01:13,225,64,"(6, 0)","(13, 14)",True,23,5
2025-04-25 19:01:13,225,64,"(6, 0)","(13, 14)",True,23,5
2025-04-25 19:01:16,225,64,"(6, 0)","(14, 2)",True,24,5
2025-04-25 19:01:16,225,64,"(6, 0)","(14, 2)",True,24,5
2025-04-25 19:01:17,225,64,"(6, 0)","(14, 2)",True,24,5
2025-04-25 19:01:17,225,64,"(6, 0)","(14, 2)",True,24,5
2025-04-25 19:01:18,225,64,"(6, 0)","(14, 2)",True,24,5
2025-04-25 19:01:18,225,64,"(6, 0)","(14, 2)",True,24,5
2025-04-25 19:01:18,225,64,"(6, 0)","(14, 2)",True,24,5
2025-04-25 19:01:18,225,64,"(6, 0)","(14, 2)",True,24,5
2025-04-25 19:01:21,225,64,"(6, 0)","(14, 8)",True,20,5
2025-04-25 19:01:21,225,64,"(6, 0)","(14, 8)",True,20,5
2025-04-25 19:01:24,225,64,"(6, 0)","(14, 0)",True,26,5
2025-04-25 19:01:24,225,64,"(6, 0)","(14, 0)",True,26,5
2025-04-25 19:01:26,225,64,"(6, 0)","(6, 14)",True,16,5
2025-04-25 19:01:26,225,64,"(6, 0)","(6, 14)",True,16,5
2025-04-25 19:01:28,225,64,"(6, 0)","(1, 10)",True,15,5
2025-04-25 19:01:28,225,64,"(6, 0)","(1, 10)",True,15,5
2025-04-25 19:01:30,225,64,"(6, 0)","(14, 14)",True,24,5
2025-04-25 19:01:30,225,64,"(6, 0)","(14, 14)",True,24,5
2025-04-25 19:01:37,225,64,"(0, 0)","(14, 14)",True,28,5
2025-04-25 19:01:37,225,64,"(0, 0)","(14, 14)",True,28,5
2025-04-25 19:01:39,225,64,"(0, 0)","(14, 14)",True,28,5
2025-04-25 19:01:39,225,64,"(0, 0)","(14, 14)",True,28,5
2025-04-25 19:01:41,225,64,"(0, 0)","(14, 14)",True,28,5
2025-04-25 19:01:41,225,64,"(0, 0)","(14, 14)",True,28,5
2025-04-25 19:01:42,225,64,"(0, 0)","(14, 14)",True,30,5
2025-04-25 19:01:42,225,64,"(0, 0)","(14, 14)",True,30,5
2025-04-25 19:06:47,225,64,"(14, 2)","(14, 14)",True,16,5
2025-04-25 19:06:47,225,64,"(14, 2)","(14, 14)",True,16,5
2025-04-25 19:06:50,225,64,"(14, 0)","(14, 14)",True,18,5
2025-04-25 19:06:50,225,64,"(14, 0)","(14, 14)",True,18,5
2025-04-25 19:06:53,225,64,"(4, 0)","(14, 14)",True,24,5
2025-04-25 19:06:53,225,64,"(4, 0)","(14, 14)",True,24,5
2025-04-25 19:06:55,225,64,"(4, 0)","(14, 14)",True,24,5
2025-04-25 19:06:55,225,64,"(4, 0)","(14, 14)",True,24,5
2025-04-25 19:06:56,225,64,"(4, 0)","(14, 14)",True,24,5
2025-04-25 19:06:56,225,64,"(4, 0)","(14, 14)",True,24,5
2025-04-25 19:09:47,225,69,"(2, 0)","(14, 14)",True,26,5
2025-04-25 19:09:47,225,69,"(2, 0)","(14, 14)",True,26,5
2025-04-25 19:09:50,225,69,"(2, 0)","(9, 12)",True,21,5
2025-04-25 19:09:50,225,69,"(2, 0)","(9, 12)",True,21,5
2025-04-25 19:09:52,225,69,"(2, 0)","(4, 14)",False,0,5
2025-04-25 19:09:55,225,69,"(2, 0)","(2, 14)",False,0,5
2025-04-25 19:10:07,225,69,"(2, 0)","(14, 14)",True,26,5
2025-04-25 19:10:07,225,69,"(2, 0)","(14, 14)",True,26,5
2025-04-25 19:10:53,225,75,"(4, 0)","(13, 14)",True,23,5
2025-04-25 19:10:53,225,75,"(4, 0)","(13, 14)",True,23,5
2025-04-25 19:10:56,225,75,"(4, 0)","(11, 3)",False,0,5
2025-04-25 19:14:50,225,74,"(14, 1)","(2, 14)",True,27,5
2025-04-25 19:15:01,225,74,"(14, 1)","(1, 0)",True,16,5
2025-04-25 19:15:08,225,74,"(14, 1)","(6, 10)",True,19,5
2025-04-25 19:15:14,225,74,"(14, 1)","(13, 12)",True,16,5
2025-04-25 19:15:35,225,74,"(14, 1)","(9, 14)",True,20,5
2025-04-26 03:29:11,225,72,"(0, 10)","(9, 11)",True,10,5
2025-04-26 03:30:14,225,69,"(10, 0)","(1, 9)",True,18,5
2025-04-26 03:30:36,225,69,"(10, 0)","(7, 9)",True,14,5
2025-04-26 03:30:46,225,69,"(10, 0)","(12, 11)",True,21,5
2025-04-26 03:31:22,225,63,"(14, 0)","(1, 14)",True,27,5
2025-04-26 03:32:07,225,71,"(14, 1)","(2, 0)",True,17,5
2025-04-26 03:36:32,225,74,"(13, 1)","(4, 7)",True,15,5
2025-04-26 03:38:18,225,66,"(14, 0)","(1, 0)",True,19,5
2025-04-26 03:56:27,225,67,"(13, 2)","(6, 12)",True,17,5
2025-04-26 04:00:07,225,73,"(14, 0)","(5, 10)",True,19,5
2025-04-26 04:00:25,225,73,"(14, 0)","(5, 3)",True,14,5
2025-04-26 04:04:25,225,73,"(14, 0)","(1, 14)",True,31,5
2025-04-26 04:05:33,225,69,"(14, 0)","(2, 13)",True,25,5
2025-04-26 04:10:47,225,71,"(10, 2)","(9, 12)",True,13,5
2025-04-26 04:15:08,225,68,"(13, 2)","(12, 11)",True,14,5
2025-04-26 04:20:25,225,29,"(12, 1)","(2, 14)",True,25,0
2025-04-26 04:30:55,225,12,"(14, 0)","(2, 14)",True,26,0
2025-04-26 04:39:50,225,73,"(14, 2)","(6, 14)",True,28,5
2025-04-26 04:48:49,225,75,"(14, 0)","(8, 14)",True,26,0
2025-04-26 04:54:28,225,71,"(13, 0)","(6, 12)",True,19,0
2025-04-26 04:54:39,225,71,"(13, 0)","(4, 11)",True,20,0
2025-04-26 04:58:37,225,71,"(14, 0)","(7, 7)",True,26,5
2025-04-26 04:59:31,225,66,"(14, 2)","(7, 12)",True,19,5
2025-04-26 04:59:41,225,66,"(14, 2)","(7, 8)",True,13,5
2025-04-26 04:59:48,225,82,"(14, 2)","(3, 4)",True,21,5
2025-04-26 05:04:13,225,64,"(14, 0)","(4, 9)",True,21,5
2025-04-26 05:04:21,225,64,"(14, 0)","(10, 13)",True,25,5
2025-04-26 05:13:33,225,75,"(12, 0)","(11, 7)",True,12,5
2025-04-26 15:18:26,225,69,"(14, 0)","(5, 14)",True,23,5
2025-04-26 15:18:39,225,69,"(14, 0)","(9, 5)",True,10,5
2025-04-26 15:21:43,225,79,"(12, 0)","(5, 8)",True,19,5
2025-04-26 15:21:52,225,79,"(12, 0)","(14, 6)",True,8,5
2025-04-26 15:22:00,225,84,"(10, 3)","(9, 13)",True,11,5
2025-04-26 15:30:47,225,71,"(13, 0)","(1, 11)",True,27,5
2025-04-26 15:38:51,225,82,"(11, 0)","(7, 9)",True,13,5
2025-04-26 15:39:01,225,82,"(11, 0)","(13, 12)",True,16,5
2025-04-26 15:42:12,225,77,"(13, 3)","(11, 10)",True,9,5
2025-04-26 15:45:02,225,72,"(14, 0)","(4, 14)",True,24,5
2025-04-26 15:45:16,225,72,"(14, 0)","(14, 5)",True,5,5
2025-04-26 15:45:26,225,78,"(14, 0)","(13, 6)",True,7,5
2025-04-26 15:45:27,225,83,"(14, 0)","(13, 6)",True,7,5
2025-04-26 15:45:28,225,88,"(14, 0)","(13, 6)",True,7,5
2025-04-26 16:06:59,225,74,"(12, 0)","(4, 2)",True,10,5
2025-04-26 16:07:03,225,74,"(12, 0)","(14, 3)",True,5,5
2025-04-26 16:07:08,225,74,"(12, 0)","(12, 2)",True,2,5
2025-04-26 16:07:10,225,74,"(12, 0)","(8, 0)",True,4,5
2025-04-26 16:09:45,225,74,"(12, 0)","(11, 1)",True,2,5
2025-04-26 16:09:49,225,74,"(12, 0)","(10, 0)",True,2,5
2025-04-26 16:09:51,225,74,"(12, 0)","(10, 1)",True,3,5
2025-04-26 16:09:52,225,74,"(12, 0)","(11, 1)",True,2,5
2025-04-26 16:09:54,225,74,"(12, 0)","(14, 0)",True,4,5
2025-04-26 16:09:55,225,74,"(12, 0)","(14, 1)",True,3,5
2025-04-26 16:09:57,225,74,"(12, 0)","(13, 2)",True,3,5
2025-04-26 16:19:21,225,71,"(14, 0)","(13, 1)",True,2,5
2025-04-26 16:19:37,225,71,"(13, 1)","(14, 0)",True,2,5
2025-04-26 16:27:45,225,70,"(14, 0)","(13, 2)",True,3,5
2025-04-26 16:27:48,225,70,"(14, 0)","(9, 0)",True,7,5
2025-04-26 16:27:52,225,70,"(14, 0)","(9, 3)",True,26,5
2025-04-26 16:27:59,225,70,"(14, 0)","(4, 11)",True,33,5
2025-04-26 16:28:08,225,70,"(14, 0)","(6, 11)",True,19,5
2025-04-26 16:51:46,225,74,"(14, 0)","(7, 14)",True,21,5
2025-04-26 16:52:00,225,74,"(14, 0)","(2, 4)",True,36,5
2025-04-26 16:52:09,225,74,"(14, 0)","(13, 14)",True,21,5
2025-04-26 16:52:13,225,81,"(14, 0)","(13, 14)",True,25,5
2025-04-26 16:52:15,225,87,"(14, 0)","(13, 14)",True,25,5
2025-04-26 16:59:40,225,66,"(14, 1)","(10, 3)",True,6,5
2025-04-26 16:59:43,225,66,"(14, 1)","(5, 9)",True,19,5
2025-04-26 17:34:13,225,75,"(13, 1)","(5, 0)",True,13,5
2025-04-26 17:34:51,225,36,"(1, 1)","(9, 6)",True,13,5
2025-04-26 17:34:54,225,45,"(1, 1)","(9, 6)",True,13,5
2025-04-26 17:37:06,225,76,"(13, 6)","(14, 14)",True,11,5
